Documento,Nombres,ApellidoPaterno,ApellidoMaterno,FechaNacimiento
12345-1990,Daniela,Gutiérrez,Sánchez,1990-04-03
12345678,Thiago,Rojas,Torres,1982-12-03
12345678,Juan Carlos,García,López,1985-03-15
12345678,Adriana,Ochoa,Fuentes,1981-04-27
123456789,Sebastián,Ramos,Díaz,1979-09-16
13579246,Jerónimo,Mendoza,Vargas,1986-04-14
15975346,Carmen Rosa,Díaz,Flores,1993-04-07
23456-1992,Silvia,Gálvez,Cano,1993-09-25
24681357,Antonella,Vargas,Salazar,1995-08-20
25364758,Francisco,Terrazas,Mendoza,1997-05-20
32165498,Roberto José,Ramírez,Castillo,1982-09-30
36475829,Elena,Suárez,Castillo,1978-01-28
45678912,Carlos Alberto,Mendoza,Silva,1978-11-08
456789123,Nicolás,Paredes,Castro,1984-12-12
48261597,Sofía Isabel,Castro,Ramos,1998-01-28
61127229,Eduardo Michael,Torrel,Calderon,2007-06-18
65498732,Luisa María,Herrera,Rojas,1988-05-19
67890-1985,Alejandro,Flores,Morales,1988-08-27
75315948,Miguel Ángel,Vega,Gutiérrez,1980-08-11
765432109,Raúl,Figueroa,Aguilar,1987-03-18
78901-1988,Tomás,Hidalgo,Orozco,1979-01-12
78912345,Ana Lucía,Torres,Vargas,1995-02-14
86429753,Felipe,Ramos,Díaz,1980-06-26
87654321,María Fernanda,Rodríguez,Martínez,1990-07-22
87654321,Daniel,Romero,Vega,1992-09-15
97531864,Mía,Castillo,Herrera,1991-10-09
98732165,Pedro Pablo,Sánchez,Morales,1975-12-25
98765432,Victoria,Paredes,Castro,1977-02-28
987654321,Mariana,Salazar,Vega,1996-05-25
AB1234567,Isabella,Rojas,Torres,1983-07-14
CD9876543,Santiago,Mendoza,Vargas,1991-11-29
DIP456789,Benjamín,Salazar,Vega,1992-11-18
DIP987654,Zacarías,Navarro,Reyes,1988-12-19
DPI789012,Emilia,Ramos,Díaz,1985-07-04
DPI987654,Yolanda,Marín,Cruz,1994-02-06
EF4567891,Camila,Castillo,Herrera,1986-02-08
EXT123456,Gabriela,Rojas,Torres,1976-01-19
EXT543210,Víctor,Jaramillo,Serrano,1984-11-30
EXT789012,Martín,Vargas,Salazar,1993-06-09
EXT987654,Úrsula,Ibarra,Peña,1996-07-08
MIL789012,Renata,Flores,Morales,1989-05-15
MIL987654,Claudia,Quintero,Molina,1983-06-03
POL123456,Joaquín,Gutiérrez,Sánchez,1994-09-07
POL987654,Bruno,Palacios,Guerrero,1995-10-11
PTP123456,Mateo,Castillo,Herrera,1997-03-11
PTP987654,Xavier,Luna,Acosta,1976-08-14
REF456789,Luciana,Mendoza,Vargas,1981-10-22
REF987654,Wendy,Kohan,Vargas,1990-05-22
X12345678,Diego Armando,Vargas,Salazar,1992-06-17
Y87654321,Valentina,Morales,Paredes,1987-10-03
Z98765432,Andrés Felipe,Guerrero,Mendoza,1994-03-21
